Year,m,d,Time,Time zone,Precipitation amount (mm),Snow depth (cm),Air temperature (degC),Ground minimum temperature (degC),Maximum temperature (degC),Minimum temperature (degC)
2020,1,1,00:00,UTC,0,-1,1.5,,3.4,-2.6
2020,1,1,06:00,UTC,,,,-5.7,,
2020,1,2,00:00,UTC,-1,-1,3.6,,5.1,1.8
2020,1,2,06:00,UTC,,,,0.1,,
2020,1,3,00:00,UTC,1.2,-1,4.6,,5.7,4.3
2020,1,3,06:00,UTC,,,,3.7,,
2020,1,4,00:00,UTC,-1,-1,1.7,,4.7,0.7
2020,1,4,06:00,UTC,,,,-2.6,,
2020,1,5,00:00,UTC,4.3,-1,-1.6,,1.9,-4.9
2020,1,5,06:00,UTC,,,,-2.7,,
2020,1,6,00:00,UTC,1.2,5,1.5,,2.5,-3.2
2020,1,6,06:00,UTC,,,,-5,,
2020,1,7,00:00,UTC,1.9,-1,4.5,,5.5,2.4
2020,1,7,06:00,UTC,,,,1.9,,
2020,1,8,00:00,UTC,1.5,-1,5.3,,7.3,4.2
2020,1,8,06:00,UTC,,,,3.6,,
2020,1,9,00:00,UTC,-1,-1,2.1,,7.1,0.1
2020,1,9,06:00,UTC,,,,0.1,,
2020,1,10,00:00,UTC,-1,-1,-2,,0.8,-3.6
2020,1,10,06:00,UTC,,,,-7.2,,
2020,1,11,00:00,UTC,8.8,-1,0,,3.5,-4.9
2020,1,11,06:00,UTC,,,,-9.6,,
2020,1,12,00:00,UTC,0.2,-1,5.2,,6.1,2.7
2020,1,12,06:00,UTC,,,,2.2,,
2020,1,13,00:00,UTC,-1,-1,1.6,,5.4,-0.2
2020,1,13,06:00,UTC,,,,-2.9,,
2020,1,14,00:00,UTC,5.8,-1,3.3,,4.1,1.6
2020,1,14,06:00,UTC,,,,-0.3,,
2020,1,15,00:00,UTC,8.3,-1,5.8,,7.3,2.8
2020,1,15,06:00,UTC,,,,2.4,,
2020,1,16,00:00,UTC,0,-1,5,,6.4,3.9
2020,1,16,06:00,UTC,,,,2.5,,
2020,1,17,00:00,UTC,-1,-1,4,,5.5,2.3
2020,1,17,06:00,UTC,,,,0.2,,
2020,1,18,00:00,UTC,2.9,-1,3.5,,4.9,1.8
2020,1,18,06:00,UTC,,,,-1.4,,
2020,1,19,00:00,UTC,-1,-1,3.6,,5.1,2
2020,1,19,06:00,UTC,,,,2.8,,
2020,1,20,00:00,UTC,-1,-1,3.3,,4.1,1
2020,1,20,06:00,UTC,,,,0.7,,
2020,1,21,00:00,UTC,0.5,-1,5.2,,8.1,2.9
2020,1,21,06:00,UTC,,,,2.3,,
2020,1,22,00:00,UTC,-1,0,1.2,,4.1,-1.2
2020,1,22,06:00,UTC,,,,-2.2,,
2020,1,23,00:00,UTC,0,0,0,,3.4,-3.6
2020,1,23,06:00,UTC,,,,-6.4,,
2020,1,24,00:00,UTC,0.1,-1,1.7,,3.8,0.3
2020,1,24,06:00,UTC,,,,0.1,,
2020,1,25,00:00,UTC,1,-1,0.3,,2.4,-1
2020,1,25,06:00,UTC,,,,-2.7,,
2020,1,26,00:00,UTC,0.7,-1,2.9,,5.4,-1.7
2020,1,26,06:00,UTC,,,,-3.9,,
2020,1,27,00:00,UTC,7.9,-1,0.6,,3.7,-1
2020,1,27,06:00,UTC,,,,-1,,
2020,1,28,00:00,UTC,4.4,-1,3,,3.7,1.2
2020,1,28,06:00,UTC,,,,1,,
2020,1,29,00:00,UTC,8.7,-1,1.8,,3,0.7
2020,1,29,06:00,UTC,,,,0.6,,
2020,1,30,00:00,UTC,7,-1,1.7,,2.5,0.9
2020,1,30,06:00,UTC,,,,0.1,,
2020,1,31,00:00,UTC,0.1,-1,1.9,,2.4,0.8
2020,1,31,06:00,UTC,,,,0.2,,
2020,2,1,00:00,UTC,8,-1,2.5,,2.8,1.6
2020,2,1,06:00,UTC,,,,1.4,,
2020,2,2,00:00,UTC,0.8,-1,3.8,,5.5,1.6
2020,2,2,06:00,UTC,,,,2.4,,
2020,2,3,00:00,UTC,-1,-1,-0.5,,2.1,-1.8
2020,2,3,06:00,UTC,,,,-1.7,,
2020,2,4,00:00,UTC,-1,-1,-4.6,,-1.5,-6.1
2020,2,4,06:00,UTC,,,,-7.4,,
2020,2,5,00:00,UTC,0,-1,-1.3,,1.9,-7.6
2020,2,5,06:00,UTC,,,,-9.8,,
2020,2,6,00:00,UTC,-1,-1,-3.3,,1.8,-5.8
2020,2,6,06:00,UTC,,,,-6.7,,
2020,2,7,00:00,UTC,1,-1,-3.5,,-0.1,-8.3
2020,2,7,06:00,UTC,,,,-10.3,,
2020,2,8,00:00,UTC,0.5,2,0.9,,2.2,-0.3
2020,2,8,06:00,UTC,,,,-0.2,,
2020,2,9,00:00,UTC,8,-1,3.3,,3.8,2
2020,2,9,06:00,UTC,,,,1.7,,
2020,2,10,00:00,UTC,3.9,-1,3.8,,4.8,3
2020,2,10,06:00,UTC,,,,2.4,,
2020,2,11,00:00,UTC,13.5,-1,3.1,,4.7,1.9
2020,2,11,06:00,UTC,,,,1.3,,
2020,2,12,00:00,UTC,3.6,0,2.6,,4.1,0.3
2020,2,12,06:00,UTC,,,,0,,
2020,2,13,00:00,UTC,-1,-1,1.8,,3.7,0.7
2020,2,13,06:00,UTC,,,,0.9,,
2020,2,14,00:00,UTC,0.1,-1,-1,,1.2,-2.5
2020,2,14,06:00,UTC,,,,-7.5,,
2020,2,15,00:00,UTC,5.5,-1,1.9,,2.9,-2.9
2020,2,15,06:00,UTC,,,,-7.7,,
2020,2,16,00:00,UTC,38.5,-1,3.7,,4.4,2.6
2020,2,16,06:00,UTC,,,,2.5,,
2020,2,17,00:00,UTC,1.9,-1,5.1,,5.5,3.8
2020,2,17,06:00,UTC,,,,3.5,,
2020,2,18,00:00,UTC,-1,-1,5.1,,6.2,4.5
2020,2,18,06:00,UTC,,,,3.9,,
2020,2,19,00:00,UTC,0.4,-1,3.8,,6.7,2.5
2020,2,19,06:00,UTC,,,,0.8,,
2020,2,20,00:00,UTC,0.4,-1,1.2,,3.2,-0.4
2020,2,20,06:00,UTC,,,,-2.3,,
2020,2,21,00:00,UTC,1,-1,3,,4,0
2020,2,21,06:00,UTC,,,,-3.5,,
2020,2,22,00:00,UTC,18.4,-1,3.9,,4.7,1.5
2020,2,22,06:00,UTC,,,,2.8,,
2020,2,23,00:00,UTC,-1,-1,3.4,,5.7,1.5
2020,2,23,06:00,UTC,,,,0,,
2020,2,24,00:00,UTC,-1,-1,1.6,,4.5,0
2020,2,24,06:00,UTC,,,,-1.4,,
2020,2,25,00:00,UTC,-1,-1,-1.7,,2,-4.3
2020,2,25,06:00,UTC,,,,-7.1,,
2020,2,26,00:00,UTC,-1,-1,-1.2,,1.5,-2.6
2020,2,26,06:00,UTC,,,,-4.2,,
2020,2,27,00:00,UTC,-1,-1,-3.4,,0,-6.5
2020,2,27,06:00,UTC,,,,-7.4,,
2020,2,28,00:00,UTC,-1,-1,-3.8,,1.4,-7.3
2020,2,28,06:00,UTC,,,,-7.6,,
2020,2,29,00:00,UTC,2.9,-1,-2.8,,2.5,-9.2
2020,2,29,06:00,UTC,,,,-13.3,,
2020,3,1,00:00,UTC,14.5,-1,1.6,,3.6,0.2
2020,3,1,06:00,UTC,,,,0,,
2020,3,2,00:00,UTC,0.2,-1,3.3,,5.7,2.3
2020,3,2,06:00,UTC,,,,2.1,,
2020,3,3,00:00,UTC,0.1,-1,2.4,,3.7,0.3
2020,3,3,06:00,UTC,,,,-2.6,,
2020,3,4,00:00,UTC,12.7,-1,2,,3,0.4
2020,3,4,06:00,UTC,,,,0.9,,
2020,3,5,00:00,UTC,2.8,-1,2.9,,3.7,1.8
2020,3,5,06:00,UTC,,,,2.2,,
2020,3,6,00:00,UTC,-1,-1,2.1,,6.1,0.6
2020,3,6,06:00,UTC,,,,-0.1,,
2020,3,7,00:00,UTC,-1,-1,1.1,,3.8,-2.2
2020,3,7,06:00,UTC,,,,-6.3,,
2020,3,8,00:00,UTC,0.1,-1,1.2,,4.3,-2.9
2020,3,8,06:00,UTC,,,,-7.3,,
2020,3,9,00:00,UTC,2.5,-1,3.9,,5.3,2.4
2020,3,9,06:00,UTC,,,,0.7,,
2020,3,10,00:00,UTC,5.7,-1,3.6,,4.4,2.9
2020,3,10,06:00,UTC,,,,2.7,,
2020,3,11,00:00,UTC,8.9,-1,3.3,,3.9,2.8
2020,3,11,06:00,UTC,,,,1,,
2020,3,12,00:00,UTC,8.6,-1,3.9,,7.3,2.5
2020,3,12,06:00,UTC,,,,1.9,,
2020,3,13,00:00,UTC,-1,0,1.1,,5.1,-0.6
2020,3,13,06:00,UTC,,,,-0.2,,
2020,3,14,00:00,UTC,-1,-1,-2.4,,1,-5.6
2020,3,14,06:00,UTC,,,,-7.9,,
2020,3,15,00:00,UTC,2.7,-1,1.1,,4.6,-5
2020,3,15,06:00,UTC,,,,-7.9,,
2020,3,16,00:00,UTC,0.6,-1,3.2,,6.4,1.3
2020,3,16,06:00,UTC,,,,1.2,,
2020,3,17,00:00,UTC,-1,-1,1.7,,4.4,-4.4
2020,3,17,06:00,UTC,,,,-8.3,,
2020,3,18,00:00,UTC,2.4,-1,4.6,,7.3,3.4
2020,3,18,06:00,UTC,,,,2.6,,
2020,3,19,00:00,UTC,-1,-1,4.2,,9.3,0.8
2020,3,19,06:00,UTC,,,,-0.2,,
2020,3,20,00:00,UTC,-1,-1,0.6,,5.1,-1
2020,3,20,06:00,UTC,,,,-2.9,,
2020,3,21,00:00,UTC,1.7,-1,-1.9,,2.1,-6.1
2020,3,21,06:00,UTC,,,,-9.1,,
2020,3,22,00:00,UTC,-1,-1,-1.1,,2.7,-6.7
2020,3,22,06:00,UTC,,,,-11,,
2020,3,23,00:00,UTC,-1,-1,1.6,,4.3,-1.5
2020,3,23,06:00,UTC,,,,-6.4,,
2020,3,24,00:00,UTC,-1,-1,3.6,,6.5,1.6
2020,3,24,06:00,UTC,,,,0.3,,
2020,3,25,00:00,UTC,-1,-1,5.1,,7.7,2.9
2020,3,25,06:00,UTC,,,,1.8,,
2020,3,26,00:00,UTC,-1,-1,4.9,,9,2.7
2020,3,26,06:00,UTC,,,,1.3,,
2020,3,27,00:00,UTC,-1,-1,3.9,,7.2,0.8
2020,3,27,06:00,UTC,,,,-2.1,,
2020,3,28,00:00,UTC,-1,-1,5.6,,11.4,1.8
2020,3,28,06:00,UTC,,,,0,,
2020,3,29,00:00,UTC,-1,-1,-0.2,,5.1,-2.7
2020,3,29,06:00,UTC,,,,-4.8,,
2020,3,30,00:00,UTC,-1,-1,-1.2,,2.9,-4.2
2020,3,30,06:00,UTC,,,,-7.9,,
2020,3,31,00:00,UTC,0.6,-1,-0.7,,3,-6.4
2020,3,31,06:00,UTC,,,,-11.2,,
2020,4,1,00:00,UTC,0.9,-1,3.6,,9,0.5
2020,4,1,06:00,UTC,,,,-1.6,,
2020,4,2,00:00,UTC,7.5,-1,4.5,,7.7,0.8
2020,4,2,06:00,UTC,,,,-1.9,,
2020,4,3,00:00,UTC,1.2,2,2.2,,6.3,0.1
2020,4,3,06:00,UTC,,,,0,,
2020,4,4,00:00,UTC,-1,-1,2.5,,8,-1.4
2020,4,4,06:00,UTC,,,,-3.8,,
2020,4,5,00:00,UTC,0.2,-1,3,,8.4,-2.4
2020,4,5,06:00,UTC,,,,-4.8,,
2020,4,6,00:00,UTC,-1,-1,6,,10.7,1.7
2020,4,6,06:00,UTC,,,,-2.9,,
2020,4,7,00:00,UTC,0.9,-1,7.6,,13.2,4.6
2020,4,7,06:00,UTC,,,,1.2,,
2020,4,8,00:00,UTC,-1,-1,6.4,,11.1,1.8
2020,4,8,06:00,UTC,,,,-0.1,,
2020,4,9,00:00,UTC,0.5,-1,6,,10.9,4.2
2020,4,9,06:00,UTC,,,,2.7,,
2020,4,10,00:00,UTC,-1,-1,3.2,,9.2,-1
2020,4,10,06:00,UTC,,,,-2.9,,
2020,4,11,00:00,UTC,0.3,-1,3.7,,9.7,-1.7
2020,4,11,06:00,UTC,,,,-4,,
2020,4,12,00:00,UTC,3.6,-1,4.2,,6,1.2
2020,4,12,06:00,UTC,,,,-3.1,,
2020,4,13,00:00,UTC,0.8,-1,4.2,,8.4,1.1
2020,4,13,06:00,UTC,,,,2.3,,
2020,4,14,00:00,UTC,3.9,-1,2,,6.8,0
2020,4,14,06:00,UTC,,,,-0.9,,
2020,4,15,00:00,UTC,14.8,1,3,,7.7,-0.6
2020,4,15,06:00,UTC,,,,-3.2,,
2020,4,16,00:00,UTC,3.2,4,2.7,,7.4,0.2
2020,4,16,06:00,UTC,,,,0,,
2020,4,17,00:00,UTC,-1,-1,4.2,,8.2,0.5
2020,4,17,06:00,UTC,,,,-1,,
2020,4,18,00:00,UTC,-1,-1,5.9,,10.4,1.6
2020,4,18,06:00,UTC,,,,-0.1,,
2020,4,19,00:00,UTC,-1,-1,6.4,,11,1.9
2020,4,19,06:00,UTC,,,,0.5,,
2020,4,20,00:00,UTC,-1,-1,9.3,,12.9,5.8
2020,4,20,06:00,UTC,,,,4.4,,
2020,4,21,00:00,UTC,-1,-1,10.6,,16.6,5
2020,4,21,06:00,UTC,,,,1.4,,
2020,4,22,00:00,UTC,-1,-1,8,,12.3,5.2
2020,4,22,06:00,UTC,,,,-0.7,,
2020,4,23,00:00,UTC,-1,-1,8.6,,15.3,1.9
2020,4,23,06:00,UTC,,,,-2.9,,
2020,4,24,00:00,UTC,-1,-1,6.6,,10.3,3.9
2020,4,24,06:00,UTC,,,,1.5,,
2020,4,25,00:00,UTC,-1,-1,4.4,,10.1,-1.6
2020,4,25,06:00,UTC,,,,-4.2,,
2020,4,26,00:00,UTC,-1,-1,5,,10,-1.3
2020,4,26,06:00,UTC,,,,-3.6,,
2020,4,27,00:00,UTC,-1,-1,4.9,,8.8,0.3
2020,4,27,06:00,UTC,,,,-2.7,,
2020,4,28,00:00,UTC,0.5,-1,4.4,,7,3.1
2020,4,28,06:00,UTC,,,,1,,
2020,4,29,00:00,UTC,5.7,-1,2.4,,6.8,1.1
2020,4,29,06:00,UTC,,,,0.1,,
2020,4,30,00:00,UTC,-1,-1,3.4,,7.6,-1.9
2020,4,30,06:00,UTC,,,,-6.2,,
2020,5,1,00:00,UTC,-1,-1,6.2,,9,2.7
2020,5,1,06:00,UTC,,,,0.5,,
2020,5,2,00:00,UTC,7.6,-1,8.5,,12.4,5.9
2020,5,2,06:00,UTC,,,,4.8,,
2020,5,3,00:00,UTC,-1,-1,8.7,,12.9,6.9
2020,5,3,06:00,UTC,,,,6.9,,
2020,5,4,00:00,UTC,-1,-1,6.4,,9.2,4.4
2020,5,4,06:00,UTC,,,,4.9,,
2020,5,5,00:00,UTC,-1,-1,10.1,,16.1,2.4
2020,5,5,06:00,UTC,,,,-1.8,,
2020,5,6,00:00,UTC,-1,-1,11.2,,17.4,6.3
2020,5,6,06:00,UTC,,,,1.4,,
2020,5,7,00:00,UTC,-1,-1,8.8,,14.7,2.6
2020,5,7,06:00,UTC,,,,0,,
2020,5,8,00:00,UTC,-1,-1,8.2,,13.1,2.4
2020,5,8,06:00,UTC,,,,-0.3,,
2020,5,9,00:00,UTC,-1,-1,10,,15.3,4.1
2020,5,9,06:00,UTC,,,,1,,
2020,5,10,00:00,UTC,0.8,-1,10.2,,14.5,3.7
2020,5,10,06:00,UTC,,,,-3.3,,
2020,5,11,00:00,UTC,11.8,-1,4.8,,12.7,0.6
2020,5,11,06:00,UTC,,,,6.3,,
2020,5,12,00:00,UTC,1,-1,5.1,,10.6,0.1
2020,5,12,06:00,UTC,,,,-1.4,,
2020,5,13,00:00,UTC,1.6,-1,4.2,,7.7,0.4
2020,5,13,06:00,UTC,,,,-4.1,,
2020,5,14,00:00,UTC,7.4,-1,6.1,,11.5,-0.3
2020,5,14,06:00,UTC,,,,-3.8,,
2020,5,15,00:00,UTC,4,-1,5.5,,10.3,0.2
2020,5,15,06:00,UTC,,,,0,,
2020,5,16,00:00,UTC,4.2,-1,5.4,,9.6,3.5
2020,5,16,06:00,UTC,,,,-0.8,,
2020,5,17,00:00,UTC,0.1,-1,5.4,,10.3,0.5
2020,5,17,06:00,UTC,,,,-2,,
2020,5,18,00:00,UTC,0.6,-1,7.1,,13.8,1.3
2020,5,18,06:00,UTC,,,,-1.7,,
2020,5,19,00:00,UTC,1.6,-1,7.1,,13.8,2.5
2020,5,19,06:00,UTC,,,,-0.8,,
2020,5,20,00:00,UTC,-1,-1,8.2,,13.6,2.1
2020,5,20,06:00,UTC,,,,-0.3,,
2020,5,21,00:00,UTC,-1,-1,10.9,,16,5.2
2020,5,21,06:00,UTC,,,,2.7,,
2020,5,22,00:00,UTC,-1,-1,11.4,,16.2,7.5
2020,5,22,06:00,UTC,,,,5.8,,
2020,5,23,00:00,UTC,-1,-1,12.4,,17.9,6
2020,5,23,06:00,UTC,,,,0.1,,
2020,5,24,00:00,UTC,-1,-1,11.1,,14,9.1
2020,5,24,06:00,UTC,,,,8.1,,
2020,5,25,00:00,UTC,0.1,-1,14.8,,19.3,10.1
2020,5,25,06:00,UTC,,,,6.7,,
2020,5,26,00:00,UTC,1,-1,16.9,,22.6,8.6
2020,5,26,06:00,UTC,,,,3.2,,
2020,5,27,00:00,UTC,8.5,-1,15.3,,20.5,10
2020,5,27,06:00,UTC,,,,4,,
2020,5,28,00:00,UTC,-1,-1,13.7,,18.7,10.5
2020,5,28,06:00,UTC,,,,10.4,,
2020,5,29,00:00,UTC,-1,-1,13.7,,19,8.3
2020,5,29,06:00,UTC,,,,4.9,,
2020,5,30,00:00,UTC,-1,-1,16,,20.7,10.5
2020,5,30,06:00,UTC,,,,5.1,,
2020,5,31,00:00,UTC,-1,-1,15.5,,20.2,11.3
2020,5,31,06:00,UTC,,,,7.6,,
2020,6,1,00:00,UTC,-1,-1,12.7,,17.9,10.9
2020,6,1,06:00,UTC,,,,5.4,,
2020,6,2,00:00,UTC,-1,-1,12.7,,15.8,6.3
2020,6,2,06:00,UTC,,,,1.8,,
2020,6,3,00:00,UTC,-1,-1,13.7,,17.3,6.6
2020,6,3,06:00,UTC,,,,1.1,,
2020,6,4,00:00,UTC,4.7,-1,14.2,,19.4,11.1
2020,6,4,06:00,UTC,,,,5.3,,
2020,6,5,00:00,UTC,8,-1,13.5,,19.3,10.9
2020,6,5,06:00,UTC,,,,10.6,,
2020,6,6,00:00,UTC,2.6,-1,13.7,,18.4,11.2
2020,6,6,06:00,UTC,,,,10.6,,
2020,6,7,00:00,UTC,-1,-1,14.6,,19.9,11
2020,6,7,06:00,UTC,,,,8.8,,
2020,6,8,00:00,UTC,1.2,-1,15.4,,19.3,13.5
2020,6,8,06:00,UTC,,,,9.7,,
2020,6,9,00:00,UTC,0,-1,15.2,,19.4,12.7
2020,6,9,06:00,UTC,,,,12.3,,
2020,6,10,00:00,UTC,-1,-1,18.5,,23.8,11.7
2020,6,10,06:00,UTC,,,,7.5,,
2020,6,11,00:00,UTC,-1,-1,17.4,,23.4,14.3
2020,6,11,06:00,UTC,,,,10,,
2020,6,12,00:00,UTC,-1,-1,18.4,,22.5,13.2
2020,6,12,06:00,UTC,,,,10.3,,
2020,6,13,00:00,UTC,-1,-1,17.9,,22.7,10.9
2020,6,13,06:00,UTC,,,,7.4,,
2020,6,14,00:00,UTC,-1,-1,18.4,,22.4,10.6
2020,6,14,06:00,UTC,,,,6,,
2020,6,15,00:00,UTC,-1,-1,19.6,,24.1,13.6
2020,6,15,06:00,UTC,,,,8.2,,
2020,6,16,00:00,UTC,0.5,-1,21.3,,25.4,16.6
2020,6,16,06:00,UTC,,,,14.3,,
2020,6,17,00:00,UTC,25,-1,21.1,,25.3,16.5
2020,6,17,06:00,UTC,,,,14.5,,
2020,6,18,00:00,UTC,-1,-1,20.2,,24.4,17.7
2020,6,18,06:00,UTC,,,,15.4,,
2020,6,19,00:00,UTC,-1,-1,21.8,,25.4,16.6
2020,6,19,06:00,UTC,,,,13.5,,
2020,6,20,00:00,UTC,-1,-1,19.3,,23.2,17.5
2020,6,20,06:00,UTC,,,,16.5,,
2020,6,21,00:00,UTC,-1,-1,17.4,,20.1,13.7
2020,6,21,06:00,UTC,,,,10,,
2020,6,22,00:00,UTC,-1,-1,17.5,,21.7,10.5
2020,6,22,06:00,UTC,,,,6.2,,
2020,6,23,00:00,UTC,-1,-1,20.1,,24.7,11.8
2020,6,23,06:00,UTC,,,,7,,
2020,6,24,00:00,UTC,-1,-1,22.5,,27.4,15.3
2020,6,24,06:00,UTC,,,,10.5,,
2020,6,25,00:00,UTC,-1,-1,24,,29.4,17.5
2020,6,25,06:00,UTC,,,,12.4,,
2020,6,26,00:00,UTC,-1,-1,22.6,,27.7,16.9
2020,6,26,06:00,UTC,,,,11.4,,
2020,6,27,00:00,UTC,-1,-1,23.6,,28.8,16.4
2020,6,27,06:00,UTC,,,,10.6,,
2020,6,28,00:00,UTC,-1,-1,21.4,,25.6,18.7
2020,6,28,06:00,UTC,,,,13.3,,
2020,6,29,00:00,UTC,9.9,-1,18.5,,20.9,17.2
2020,6,29,06:00,UTC,,,,16.1,,
2020,6,30,00:00,UTC,26.3,-1,15.7,,18.3,13.1
2020,6,30,06:00,UTC,,,,16.1,,
2020,7,1,00:00,UTC,1.4,-1,16.2,,18.9,14.8
2020,7,1,06:00,UTC,,,,14,,
2020,7,2,00:00,UTC,1.4,-1,16,,19.7,13
2020,7,2,06:00,UTC,,,,10.6,,
2020,7,3,00:00,UTC,-1,-1,16.9,,19.8,13.8
2020,7,3,06:00,UTC,,,,11.9,,
2020,7,4,00:00,UTC,10.5,-1,15.2,,17.8,13.7
2020,7,4,06:00,UTC,,,,10.6,,
2020,7,5,00:00,UTC,11.1,-1,15.5,,19,13.1
2020,7,5,06:00,UTC,,,,13.2,,
2020,7,6,00:00,UTC,0.3,-1,16.1,,18.5,15
2020,7,6,06:00,UTC,,,,14.6,,
2020,7,7,00:00,UTC,3.2,-1,14.5,,17.3,13.1
2020,7,7,06:00,UTC,,,,11.8,,
2020,7,8,00:00,UTC,1.3,-1,14.5,,19.1,11.8
2020,7,8,06:00,UTC,,,,7.7,,
2020,7,9,00:00,UTC,0.4,-1,14.1,,17.6,10.4
2020,7,9,06:00,UTC,,,,6.4,,
2020,7,10,00:00,UTC,7.7,-1,15.8,,19.6,11.9
2020,7,10,06:00,UTC,,,,8.5,,
2020,7,11,00:00,UTC,5.7,-1,13.9,,16.5,13
2020,7,11,06:00,UTC,,,,10.4,,
2020,7,12,00:00,UTC,-1,-1,15.6,,20.1,10.7
2020,7,12,06:00,UTC,,,,6.6,,
2020,7,13,00:00,UTC,18.6,-1,14.8,,18.8,12.4
2020,7,13,06:00,UTC,,,,8.5,,
2020,7,14,00:00,UTC,-1,-1,15,,19.9,8.8
2020,7,14,06:00,UTC,,,,6.3,,
2020,7,15,00:00,UTC,-1,-1,17.6,,22.8,10
2020,7,15,06:00,UTC,,,,6.8,,
2020,7,16,00:00,UTC,-1,-1,19.2,,24.5,11.5
2020,7,16,06:00,UTC,,,,8.2,,
2020,7,17,00:00,UTC,-1,-1,21,,25.7,13.4
2020,7,17,06:00,UTC,,,,9.5,,
2020,7,18,00:00,UTC,-1,-1,20.6,,24.5,15.8
2020,7,18,06:00,UTC,,,,11.7,,
2020,7,19,00:00,UTC,-1,-1,20.6,,24.7,15.5
2020,7,19,06:00,UTC,,,,12.1,,
2020,7,20,00:00,UTC,-1,-1,20.9,,25.2,17.8
2020,7,20,06:00,UTC,,,,15.3,,
2020,7,21,00:00,UTC,0,-1,19.3,,23.2,16.1
2020,7,21,06:00,UTC,,,,12.7,,
2020,7,22,00:00,UTC,-1,-1,15.3,,20.5,12.6
2020,7,22,06:00,UTC,,,,10.7,,
2020,7,23,00:00,UTC,1.7,-1,14.2,,17.9,11.8
2020,7,23,06:00,UTC,,,,10.7,,
2020,7,24,00:00,UTC,3.7,-1,14.4,,18.4,11.3
2020,7,24,06:00,UTC,,,,9,,
2020,7,25,00:00,UTC,1.5,-1,15.3,,19.5,13.4
2020,7,25,06:00,UTC,,,,12.8,,
2020,7,26,00:00,UTC,-1,-1,17.7,,23.1,11.8
2020,7,26,06:00,UTC,,,,7.5,,
2020,7,27,00:00,UTC,7.9,-1,19.3,,22.2,15.7
2020,7,27,06:00,UTC,,,,11.1,,
2020,7,28,00:00,UTC,7.4,-1,17.5,,19.9,16.6
2020,7,28,06:00,UTC,,,,16.4,,
2020,7,29,00:00,UTC,15,-1,16.9,,20.9,15.8
2020,7,29,06:00,UTC,,,,15.2,,
2020,7,30,00:00,UTC,-1,-1,15.9,,19.3,13.1
2020,7,30,06:00,UTC,,,,9.4,,
2020,7,31,00:00,UTC,-1,-1,17.8,,22.8,12.2
2020,7,31,06:00,UTC,,,,9,,
2020,8,1,00:00,UTC,-1,-1,16.7,,21.2,10.9
2020,8,1,06:00,UTC,,,,7.6,,
2020,8,2,00:00,UTC,1,-1,16.6,,20.9,13.3
2020,8,2,06:00,UTC,,,,10.7,,
2020,8,3,00:00,UTC,8.3,-1,16.5,,20.7,15.4
2020,8,3,06:00,UTC,,,,13.3,,
2020,8,4,00:00,UTC,0.3,-1,16.1,,18.9,13.6
2020,8,4,06:00,UTC,,,,9.6,,
2020,8,5,00:00,UTC,0.1,-1,16.9,,21.7,12.6
2020,8,5,06:00,UTC,,,,10.8,,
2020,8,6,00:00,UTC,-1,-1,17.2,,20.1,14.3
2020,8,6,06:00,UTC,,,,10.2,,
2020,8,7,00:00,UTC,-1,-1,19,,23.6,14.2
2020,8,7,06:00,UTC,,,,10.7,,
2020,8,8,00:00,UTC,-1,-1,21.6,,26.6,15.6
2020,8,8,06:00,UTC,,,,12,,
2020,8,9,00:00,UTC,-1,-1,21.7,,26.9,15.8
2020,8,9,06:00,UTC,,,,11.6,,
2020,8,10,00:00,UTC,-1,-1,18.9,,23.6,14.9
2020,8,10,06:00,UTC,,,,13.4,,
2020,8,11,00:00,UTC,-1,-1,15.6,,20.1,11.5
2020,8,11,06:00,UTC,,,,7.7,,
2020,8,12,00:00,UTC,4.7,-1,14.8,,19.1,9.8
2020,8,12,06:00,UTC,,,,5.3,,
2020,8,13,00:00,UTC,-1,-1,14.8,,17.8,13.4
2020,8,13,06:00,UTC,,,,13,,
2020,8,14,00:00,UTC,-1,-1,16.9,,20.8,11.1
2020,8,14,06:00,UTC,,,,7.8,,
2020,8,15,00:00,UTC,-1,-1,19.2,,24.3,14.5
2020,8,15,06:00,UTC,,,,10.4,,
2020,8,16,00:00,UTC,-1,-1,21,,27.1,16.7
2020,8,16,06:00,UTC,,,,13.2,,
2020,8,17,00:00,UTC,-1,-1,17.2,,24.1,9.8
2020,8,17,06:00,UTC,,,,5.6,,
2020,8,18,00:00,UTC,-1,-1,17.5,,22.5,9.1
2020,8,18,06:00,UTC,,,,4.8,,
2020,8,19,00:00,UTC,-1,-1,19,,22.6,14.5
2020,8,19,06:00,UTC,,,,10.1,,
2020,8,20,00:00,UTC,-1,-1,19.4,,23.7,13.4
2020,8,20,06:00,UTC,,,,8.9,,
2020,8,21,00:00,UTC,1.9,-1,20.3,,24.2,15.5
2020,8,21,06:00,UTC,,,,10.4,,
2020,8,22,00:00,UTC,13.8,-1,18.1,,20.9,16.9
2020,8,22,06:00,UTC,,,,15.8,,
2020,8,23,00:00,UTC,20.5,-1,19.8,,22.4,17.5
2020,8,23,06:00,UTC,,,,17.3,,
2020,8,24,00:00,UTC,8,-1,16.1,,21.2,13.8
2020,8,24,06:00,UTC,,,,12.6,,
2020,8,25,00:00,UTC,0.3,-1,15.1,,19.4,10.6
2020,8,25,06:00,UTC,,,,7.7,,
2020,8,26,00:00,UTC,0.8,-1,13.8,,19,8.7
2020,8,26,06:00,UTC,,,,4.5,,
2020,8,27,00:00,UTC,-1,-1,13.6,,18.8,9.9
2020,8,27,06:00,UTC,,,,8.4,,
2020,8,28,00:00,UTC,-1,-1,13.4,,19,8.6
2020,8,28,06:00,UTC,,,,5.3,,
2020,8,29,00:00,UTC,12.2,-1,14.2,,18.6,7.1
2020,8,29,06:00,UTC,,,,3.4,,
2020,8,30,00:00,UTC,2.9,-1,13,,16.4,11.1
2020,8,30,06:00,UTC,,,,10.7,,
2020,8,31,00:00,UTC,1,-1,13.3,,15.4,12.7
2020,8,31,06:00,UTC,,,,12.4,,
2020,9,1,00:00,UTC,-1,-1,13.4,,19.3,8.6
2020,9,1,06:00,UTC,,,,6.4,,
2020,9,2,00:00,UTC,-1,-1,14.1,,17.7,8.1
2020,9,2,06:00,UTC,,,,3.9,,
2020,9,3,00:00,UTC,1,-1,16.4,,18.6,15.4
2020,9,3,06:00,UTC,,,,15.1,,
2020,9,4,00:00,UTC,3.6,-1,16.1,,19.4,14.8
2020,9,4,06:00,UTC,,,,12.2,,
2020,9,5,00:00,UTC,10.7,-1,15.3,,19.1,12.8
2020,9,5,06:00,UTC,,,,14.5,,
2020,9,6,00:00,UTC,6.7,-1,14.5,,17.7,12.1
2020,9,6,06:00,UTC,,,,11,,
2020,9,7,00:00,UTC,1.2,-1,13.6,,18.3,9.5
2020,9,7,06:00,UTC,,,,6.1,,
2020,9,8,00:00,UTC,11,-1,12.2,,15.7,8.4
2020,9,8,06:00,UTC,,,,4.1,,
2020,9,9,00:00,UTC,10.6,-1,13,,16.3,9.2
2020,9,9,06:00,UTC,,,,5.2,,
2020,9,10,00:00,UTC,-1,-1,12.8,,15.7,10.9
2020,9,10,06:00,UTC,,,,9.9,,
2020,9,11,00:00,UTC,2,-1,11.9,,16.5,7.9
2020,9,11,06:00,UTC,,,,4.3,,
2020,9,12,00:00,UTC,20.2,-1,13.7,,14.9,11.9
2020,9,12,06:00,UTC,,,,7.7,,
2020,9,13,00:00,UTC,-1,-1,12.9,,16.7,10.9
2020,9,13,06:00,UTC,,,,8.7,,
2020,9,14,00:00,UTC,-1,-1,13.2,,18.7,8.8
2020,9,14,06:00,UTC,,,,4.3,,
2020,9,15,00:00,UTC,0,-1,13.3,,18.1,9.4
2020,9,15,06:00,UTC,,,,5.3,,
2020,9,16,00:00,UTC,0.5,-1,13.8,,18,12.3
2020,9,16,06:00,UTC,,,,10.4,,
2020,9,17,00:00,UTC,-1,-1,9.2,,13.5,7.8
2020,9,17,06:00,UTC,,,,7.3,,
2020,9,18,00:00,UTC,-1,-1,10.3,,15,5.6
2020,9,18,06:00,UTC,,,,3.8,,
2020,9,19,00:00,UTC,-1,-1,10.5,,15.1,6.5
2020,9,19,06:00,UTC,,,,2,,
2020,9,20,00:00,UTC,-1,-1,10.7,,15.6,5.3
2020,9,20,06:00,UTC,,,,0.9,,
2020,9,21,00:00,UTC,-1,-1,12.6,,14.7,9.8
2020,9,21,06:00,UTC,,,,5.9,,
2020,9,22,00:00,UTC,-1,-1,12.4,,16.6,10.7
2020,9,22,06:00,UTC,,,,10.1,,
2020,9,23,00:00,UTC,-1,-1,14,,17.8,9
2020,9,23,06:00,UTC,,,,3.8,,
2020,9,24,00:00,UTC,-1,-1,16.2,,20.7,12.2
2020,9,24,06:00,UTC,,,,7.1,,
2020,9,25,00:00,UTC,0.4,-1,15.5,,17.6,14.4
2020,9,25,06:00,UTC,,,,12.3,,
2020,9,26,00:00,UTC,-1,-1,15.3,,17.4,13.3
2020,9,26,06:00,UTC,,,,10.7,,
2020,9,27,00:00,UTC,-1,-1,15.7,,20.2,13
2020,9,27,06:00,UTC,,,,10,,
2020,9,28,00:00,UTC,-1,-1,14.1,,16.7,12.3
2020,9,28,06:00,UTC,,,,10.2,,
2020,9,29,00:00,UTC,0,-1,13.2,,14.2,12.6
2020,9,29,06:00,UTC,,,,10.4,,
2020,9,30,00:00,UTC,-1,-1,13.1,,15.2,12.3
2020,9,30,06:00,UTC,,,,12.1,,
2020,10,1,00:00,UTC,-1,-1,11.7,,15.7,9.6
2020,10,1,06:00,UTC,,,,6.1,,
2020,10,2,00:00,UTC,-1,-1,12.7,,15.4,10.1
2020,10,2,06:00,UTC,,,,5.7,,
2020,10,3,00:00,UTC,0.1,-1,12.9,,14.9,10.1
2020,10,3,06:00,UTC,,,,4.4,,
2020,10,4,00:00,UTC,1.7,-1,12.9,,14.4,12.1
2020,10,4,06:00,UTC,,,,12,,
2020,10,5,00:00,UTC,4.7,-1,14.5,,17.2,12.3
2020,10,5,06:00,UTC,,,,11.6,,
2020,10,6,00:00,UTC,0.8,-1,14.2,,15.6,13.3
2020,10,6,06:00,UTC,,,,10.6,,
2020,10,7,00:00,UTC,5,-1,12.9,,14.6,11.4
2020,10,7,06:00,UTC,,,,9,,
2020,10,8,00:00,UTC,0.7,-1,12.9,,14.8,12.3
2020,10,8,06:00,UTC,,,,11.4,,
2020,10,9,00:00,UTC,2,-1,11.7,,13,10.4
2020,10,9,06:00,UTC,,,,10.5,,
2020,10,10,00:00,UTC,5.2,-1,11.5,,13.7,9.7
2020,10,10,06:00,UTC,,,,4.9,,
2020,10,11,00:00,UTC,1.3,-1,10.6,,14,8.9
2020,10,11,06:00,UTC,,,,9.1,,
2020,10,12,00:00,UTC,3.5,-1,9.6,,12.8,6.2
2020,10,12,06:00,UTC,,,,2.7,,
2020,10,13,00:00,UTC,0.2,-1,8.4,,11.8,6.5
2020,10,13,06:00,UTC,,,,4.8,,
2020,10,14,00:00,UTC,-1,-1,6.6,,9.8,3.8
2020,10,14,06:00,UTC,,,,0.7,,
2020,10,15,00:00,UTC,-1,-1,5.2,,7.6,3
2020,10,15,06:00,UTC,,,,3.3,,
2020,10,16,00:00,UTC,-1,-1,3.4,,7.4,1
2020,10,16,06:00,UTC,,,,-2.3,,
2020,10,17,00:00,UTC,-1,-1,6.1,,9.8,0.3
2020,10,17,06:00,UTC,,,,-4,,
2020,10,18,00:00,UTC,2.5,-1,4.5,,9,1.3
2020,10,18,06:00,UTC,,,,3.9,,
2020,10,19,00:00,UTC,-1,-1,2,,3.6,0.8
2020,10,19,06:00,UTC,,,,-0.2,,
2020,10,20,00:00,UTC,4.2,-1,0.9,,3.6,-1
2020,10,20,06:00,UTC,,,,-3.2,,
2020,10,21,00:00,UTC,5.9,-1,5.9,,7.3,-0.9
2020,10,21,06:00,UTC,,,,-3.9,,
2020,10,22,00:00,UTC,14.2,-1,9.9,,11.5,7.3
2020,10,22,06:00,UTC,,,,7,,
2020,10,23,00:00,UTC,-1,-1,7.9,,11.7,4.6
2020,10,23,06:00,UTC,,,,8.5,,
2020,10,24,00:00,UTC,0.9,-1,3.5,,6.1,0.2
2020,10,24,06:00,UTC,,,,-2.3,,
2020,10,25,00:00,UTC,-1,-1,5.9,,8.9,3.3
2020,10,25,06:00,UTC,,,,3.1,,
2020,10,26,00:00,UTC,0.7,-1,10,,10.8,8.8
2020,10,26,06:00,UTC,,,,8.3,,
2020,10,27,00:00,UTC,10.3,-1,10.9,,11.7,9.4
2020,10,27,06:00,UTC,,,,9.2,,
2020,10,28,00:00,UTC,2.1,-1,9.7,,11.5,8.1
2020,10,28,06:00,UTC,,,,7.8,,
2020,10,29,00:00,UTC,-1,-1,10,,11.2,9.1
2020,10,29,06:00,UTC,,,,8.7,,
2020,10,30,00:00,UTC,0.3,-1,8.7,,10.3,7.6
2020,10,30,06:00,UTC,,,,3,,
2020,10,31,00:00,UTC,0.4,-1,7.2,,8.4,5.5
2020,10,31,06:00,UTC,,,,5.4,,
2020,11,1,00:00,UTC,-1,-1,8.5,,8.9,7.2
2020,11,1,06:00,UTC,,,,5.8,,
2020,11,2,00:00,UTC,5.6,-1,7.9,,9,6.7
2020,11,3,00:00,UTC,-1,-1,10.6,,12.8,8.8
2020,11,3,06:00,UTC,,,,8,,
2020,11,4,00:00,UTC,2.9,-1,7.5,,10.1,5.4
2020,11,4,06:00,UTC,,,,1.7,,
2020,11,5,00:00,UTC,-1,-1,7.3,,9.3,3.5
2020,11,5,06:00,UTC,,,,-0.5,,
2020,11,6,00:00,UTC,-1,-1,8.1,,11,4.3
2020,11,6,06:00,UTC,,,,1.2,,
2020,11,7,00:00,UTC,-1,-1,8.4,,11.5,5.6
2020,11,7,06:00,UTC,,,,2,,
2020,11,8,00:00,UTC,0.1,-1,4.2,,9,1.1
2020,11,8,06:00,UTC,,,,0.8,,
2020,11,9,00:00,UTC,-1,-1,4,,7.6,0
2020,11,9,06:00,UTC,,,,-2.9,,
2020,11,10,00:00,UTC,0,-1,1,,3.8,0.1
2020,11,10,06:00,UTC,,,,-2.3,,
2020,11,11,00:00,UTC,5.3,-1,5.1,,7.1,-0.9
2020,11,11,06:00,UTC,,,,-5,,
2020,11,12,00:00,UTC,-1,-1,6.9,,8.1,6
2020,11,12,06:00,UTC,,,,5.9,,
2020,11,13,00:00,UTC,-1,-1,5.5,,6.3,5
2020,11,13,06:00,UTC,,,,5.1,,
2020,11,14,00:00,UTC,-1,-1,4.4,,5.1,4.2
2020,11,14,06:00,UTC,,,,3.5,,
2020,11,15,00:00,UTC,-1,-1,3.9,,4.4,3
2020,11,15,06:00,UTC,,,,2.8,,
2020,11,16,00:00,UTC,6.2,-1,4.4,,5.2,3.1
2020,11,16,06:00,UTC,,,,3.1,,
2020,11,17,00:00,UTC,12.2,-1,5.9,,7,5
2020,11,17,06:00,UTC,,,,4.6,,
2020,11,18,00:00,UTC,4,-1,9.6,,10.4,6.9
2020,11,18,06:00,UTC,,,,6.7,,
2020,11,19,00:00,UTC,10.6,-1,8.3,,10.8,6.6
2020,11,19,06:00,UTC,,,,8.6,,
2020,11,20,00:00,UTC,-1,-1,0.1,,6.7,-1.9
2020,11,20,06:00,UTC,,,,-4.4,,
2020,11,21,00:00,UTC,17.2,-1,2.2,,5.4,-2.7
2020,11,21,06:00,UTC,,,,-7.6,,
2020,11,22,00:00,UTC,-1,-1,6.2,,7.1,5.1
2020,11,22,06:00,UTC,,,,2.6,,
2020,11,23,00:00,UTC,0.4,-1,4.5,,6.7,3.5
2020,11,23,06:00,UTC,,,,1.9,,
2020,11,24,00:00,UTC,-1,-1,2.5,,4.3,0.6
2020,11,24,06:00,UTC,,,,0.1,,
2020,11,25,00:00,UTC,4.6,-1,3.8,,8.1,-0.4
2020,11,25,06:00,UTC,,,,-4,,
2020,11,26,00:00,UTC,1.2,-1,5.6,,8.4,2.4
2020,11,26,06:00,UTC,,,,7,,
2020,11,27,00:00,UTC,-1,-1,0.9,,2.6,-0.1
2020,11,27,06:00,UTC,,,,-0.8,,
2020,11,28,00:00,UTC,1.3,-1,1.3,,1.9,0.5
2020,11,28,06:00,UTC,,,,-1.6,,
2020,11,29,00:00,UTC,3.5,-1,0.5,,1.7,-0.4
2020,11,29,06:00,UTC,,,,0.1,,
2020,11,30,00:00,UTC,2.8,-1,0.6,,1.8,-0.8
2020,11,30,06:00,UTC,,,,-0.9,,
2020,12,1,00:00,UTC,2.1,-1,4,,5.8,0.6
2020,12,1,06:00,UTC,,,,0,,
2020,12,2,00:00,UTC,0,-1,2.7,,4.7,1.6
2020,12,2,06:00,UTC,,,,2.2,,
2020,12,3,00:00,UTC,0,-1,0,,1.6,-1.1
2020,12,3,06:00,UTC,,,,-0.9,,
2020,12,4,00:00,UTC,3.5,-1,1.4,,2.1,0
2020,12,4,06:00,UTC,,,,0.4,,
2020,12,5,00:00,UTC,-1,-1,3.7,,4.5,2
2020,12,5,06:00,UTC,,,,1.3,,
2020,12,6,00:00,UTC,-1,-1,3.7,,4.3,3.3
2020,12,6,06:00,UTC,,,,3.3,,
2020,12,7,00:00,UTC,-1,-1,1.8,,3.7,0.4
2020,12,7,06:00,UTC,,,,0.1,,
2020,12,8,00:00,UTC,-1,-1,-0.5,,0.5,-0.9
2020,12,8,06:00,UTC,,,,-3.1,,
2020,12,9,00:00,UTC,-1,-1,-2,,-0.4,-3.4
2020,12,9,06:00,UTC,,,,-4.8,,
2020,12,10,00:00,UTC,-1,-1,-1.5,,-0.3,-2.7
2020,12,10,06:00,UTC,,,,-5.7,,
2020,12,11,00:00,UTC,0,-1,-1,,0.1,-3.3
2020,12,11,06:00,UTC,,,,-3.5,,
2020,12,12,00:00,UTC,-1,-1,1.2,,3.1,-0.6
2020,12,12,06:00,UTC,,,,-0.1,,
2020,12,13,00:00,UTC,0,-1,-1.3,,-0.3,-3.5
2020,12,13,06:00,UTC,,,,-3.3,,
2020,12,14,00:00,UTC,0,-1,-0.9,,-0.7,-1.4
2020,12,14,06:00,UTC,,,,-1.7,,
2020,12,15,00:00,UTC,10.9,-1,1.8,,3,-0.9
2020,12,15,06:00,UTC,,,,-1.2,,
2020,12,16,00:00,UTC,3.1,-1,2.9,,4.7,1.1
2020,12,16,06:00,UTC,,,,0.3,,
2020,12,17,00:00,UTC,3,-1,1.4,,4.6,-0.4
2020,12,17,06:00,UTC,,,,2.2,,
2020,12,18,00:00,UTC,8.5,-1,3.2,,4.2,-0.6
2020,12,18,06:00,UTC,,,,-0.6,,
2020,12,19,00:00,UTC,1.5,-1,4.1,,6,1.6
2020,12,19,06:00,UTC,,,,1.6,,
2020,12,20,00:00,UTC,1.3,-1,4.9,,6.3,3.8
2020,12,20,06:00,UTC,,,,5.2,,
2020,12,21,00:00,UTC,4.9,-1,3.4,,4.1,2.7
2020,12,21,06:00,UTC,,,,3.2,,
2020,12,22,00:00,UTC,3.5,-1,4,,4.8,2.9
2020,12,22,06:00,UTC,,,,3.1,,
2020,12,23,00:00,UTC,2.3,-1,2.2,,4.1,0.4
2020,12,23,06:00,UTC,,,,0,,
2020,12,24,00:00,UTC,-1,-1,2.1,,3.6,1.1
2020,12,24,06:00,UTC,,,,1,,
2020,12,25,00:00,UTC,0.1,-1,0.4,,1.3,-0.2
2020,12,25,06:00,UTC,,,,-1.6,,
2020,12,26,00:00,UTC,-1,-1,-1.6,,0.4,-2
2020,12,26,06:00,UTC,,,,-2.1,,
2020,12,27,00:00,UTC,0.6,-1,0.6,,1.5,-2.8
2020,12,27,06:00,UTC,,,,-6.4,,
2020,12,28,00:00,UTC,4.8,-1,0.3,,1.5,-0.7
2020,12,28,06:00,UTC,,,,-1.2,,
2020,12,29,00:00,UTC,7.3,1,0.8,,1.6,0.3
2020,12,29,06:00,UTC,,,,0,,
2020,12,30,00:00,UTC,3.7,0,2.6,,4.3,0.4
2020,12,30,06:00,UTC,,,,0,,
2020,12,31,00:00,UTC,2.9,-1,1.8,,3.5,1.2
2020,12,31,06:00,UTC,,,,1.4,,
2021,1,1,00:00,UTC,-1,-1,1.7,,3.3,-0.7
2021,1,1,06:00,UTC,,,,-2.3,,
2021,1,2,00:00,UTC,6.5,-1,-0.4,,1.4,-1.5
2021,1,2,06:00,UTC,,,,-0.4,,
2021,1,3,00:00,UTC,1.2,7,-2.8,,-1.5,-3.8
2021,1,4,00:00,UTC,-1,5,-1.5,,-1.1,-3.2
2021,1,5,00:00,UTC,-1,7,-3,,-1.2,-3.7
2021,1,5,06:00,UTC,,,,-2.7,,
2021,1,6,00:00,UTC,0,4,-3.2,,-2.8,-4
2021,1,6,06:00,UTC,,,,-4.2,,
2021,1,7,00:00,UTC,1.7,6,-1.4,,0,-2.8
2021,1,7,06:00,UTC,,,,-2.8,,
2021,1,8,00:00,UTC,-1,6,-2.9,,-2.1,-3.3
2021,1,8,06:00,UTC,,,,-2.5,,
2021,1,9,00:00,UTC,-1,4,-7.2,,-3.3,-9.2
2021,1,9,06:00,UTC,,,,-7,,
2021,1,10,00:00,UTC,8.2,5,-4.9,,-0.8,-13.3
2021,1,10,06:00,UTC,,,,-15.8,,
2021,1,11,00:00,UTC,4.5,17,-0.3,,0.3,-0.8
2021,1,11,06:00,UTC,,,,-1,,
2021,1,12,00:00,UTC,21.5,20,-1.1,,0,-1.8
2021,1,12,06:00,UTC,,,,-2,,
2021,1,13,00:00,UTC,3.4,41,-4.8,,-1,-8.4
2021,1,13,06:00,UTC,,,,-1.8,,
2021,1,14,00:00,UTC,-1,38,-14.4,,-7.9,-19.4
2021,1,14,06:00,UTC,,,,-12.1,,
2021,1,15,00:00,UTC,0.5,36,-18.8,,-15.6,-21.8
2021,1,15,06:00,UTC,,,,-22.7,,
2021,1,16,00:00,UTC,-1,35,-16.2,,-12.3,-18.2
2021,1,16,06:00,UTC,,,,-19.7,,
2021,1,17,00:00,UTC,-1,33,-12.3,,-8,-19.1
2021,1,17,06:00,UTC,,,,-26.6,,
2021,1,18,00:00,UTC,2.2,35,-6.9,,-1.2,-12.9
2021,1,18,06:00,UTC,,,,-20.7,,
2021,1,19,00:00,UTC,2,37,-0.4,,0.2,-1.3
2021,1,19,06:00,UTC,,,,-2.2,,
2021,1,20,00:00,UTC,4,37,-4.2,,0.1,-7.2
2021,1,20,06:00,UTC,,,,-10.4,,
2021,1,21,00:00,UTC,6.7,36,-4.4,,-3.7,-5.5
2021,1,21,06:00,UTC,,,,-5.4,,
2021,1,22,00:00,UTC,2.5,36,1.5,,2.2,-3.9
2021,1,22,06:00,UTC,,,,-3.9,,
2021,1,23,00:00,UTC,1.5,31,2.7,,3.4,1.8
2021,1,23,06:00,UTC,,,,1.4,,
2021,1,24,00:00,UTC,8.2,27,1.7,,2.9,0.3
2021,1,24,06:00,UTC,,,,0,,
2021,1,25,00:00,UTC,0.5,28,0.8,,2.2,0.1
2021,1,25,06:00,UTC,,,,0,,
2021,1,26,00:00,UTC,6.2,25,0.8,,1.5,0.5
2021,1,26,06:00,UTC,,,,0.3,,
2021,1,27,00:00,UTC,1.1,20,0.3,,1,-0.2
2021,1,27,06:00,UTC,,,,0,,
2021,1,28,00:00,UTC,0.7,20,-3.5,,-0.2,-5.1
2021,1,28,06:00,UTC,,,,-6.2,,
2021,1,29,00:00,UTC,4.6,19,-3.8,,-1.7,-5.3
2021,1,29,06:00,UTC,,,,-5.2,,
2021,1,30,00:00,UTC,4.7,25,-6.1,,-3.9,-6.8
2021,1,30,06:00,UTC,,,,-6.2,,
2021,1,31,00:00,UTC,1.4,31,-6.9,,-4.5,-8.5
2021,2,1,00:00,UTC,0,33,-7.7,,-5.7,-11
2021,2,2,00:00,UTC,8.7,31,-4.4,,-2.4,-8.9
2021,2,2,06:00,UTC,,,,-17,,
2021,2,3,00:00,UTC,0,44,-7.4,,-1.9,-9.7
2021,2,3,06:00,UTC,,,,-5.7,,
2021,2,4,00:00,UTC,0,40,-13.3,,-9.7,-15.9
2021,2,4,06:00,UTC,,,,-17.1,,
2021,2,5,00:00,UTC,-1,39,-14.9,,-12.3,-16.5
2021,2,5,06:00,UTC,,,,-17.9,,
2021,2,6,00:00,UTC,-1,36,-13.4,,-8.2,-17.4
2021,2,6,06:00,UTC,,,,-20.3,,
2021,2,7,00:00,UTC,0,34,-8.5,,-4.9,-15.3
2021,2,7,06:00,UTC,,,,-20.4,,
2021,2,8,00:00,UTC,0,35,-7.8,,-5.3,-9.7
2021,2,8,06:00,UTC,,,,-8.9,,
2021,2,9,00:00,UTC,0.2,36,-11.6,,-9.6,-12.8
2021,2,9,06:00,UTC,,,,-11.7,,
2021,2,10,00:00,UTC,-1,32,-13.3,,-9.8,-16
2021,2,10,06:00,UTC,,,,-20.5,,
2021,2,11,00:00,UTC,0,33,-16,,-12.3,-18.3
2021,2,11,06:00,UTC,,,,-20.1,,
2021,2,12,00:00,UTC,-1,35,-13.5,,-8.4,-18.8
2021,2,12,06:00,UTC,,,,-24.4,,
2021,2,13,00:00,UTC,-1,33,-4.8,,-2.5,-10.6
2021,2,13,06:00,UTC,,,,-15.1,,
2021,2,14,00:00,UTC,0,32,-6.1,,-3.5,-7.2
2021,2,14,06:00,UTC,,,,-9.7,,
2021,2,15,00:00,UTC,0,34,-7.8,,-4.2,-13.5
2021,2,15,06:00,UTC,,,,-19.6,,
2021,2,16,00:00,UTC,0,34,-5.7,,-2.6,-9.6
2021,2,16,06:00,UTC,,,,-7.8,,
2021,2,17,00:00,UTC,0,34,-14.7,,-9.6,-16.5
2021,2,17,06:00,UTC,,,,-17.2,,
2021,2,18,00:00,UTC,0,34,-14.2,,-8.9,-21.2
2021,2,18,06:00,UTC,,,,-26.2,,
2021,2,19,00:00,UTC,1,32,-6,,-5.2,-9.1
2021,2,19,06:00,UTC,,,,-10.8,,
2021,2,20,00:00,UTC,6.2,32,-3,,0.2,-5.8
2021,2,20,06:00,UTC,,,,-6.1,,
2021,2,21,00:00,UTC,3.8,35,-0.3,,3.5,-5.4
2021,2,21,06:00,UTC,,,,0,,
2021,2,22,00:00,UTC,0.5,33,-7.4,,-2.9,-9.3
2021,2,23,00:00,UTC,5.4,34,-4.9,,-1.8,-9.6
2021,2,23,06:00,UTC,,,,-9.5,,
2021,2,24,00:00,UTC,0.4,34,-1,,2.4,-4.3
2021,2,24,06:00,UTC,,,,-3.8,,
2021,2,25,00:00,UTC,0.6,33,2.8,,4,1.8
2021,2,25,06:00,UTC,,,,1.3,,
2021,2,26,00:00,UTC,-1,26,3.2,,4,1.9
2021,2,26,06:00,UTC,,,,1,,
2021,2,27,00:00,UTC,0.3,23,2.1,,5.6,0.2
2021,2,27,06:00,UTC,,,,-1.1,,
2021,2,28,00:00,UTC,-1,22,4.3,,8.8,0.5
2021,2,28,06:00,UTC,,,,-1.7,,
2021,3,1,00:00,UTC,-1,20,3.3,,6.1,0.8
2021,3,1,06:00,UTC,,,,-2.1,,
2021,3,2,00:00,UTC,-1,20,3.4,,6.5,1.7
2021,3,2,06:00,UTC,,,,-0.2,,
2021,3,3,00:00,UTC,0.9,20,2,,7.6,-1.4
2021,3,3,06:00,UTC,,,,-2.8,,
2021,3,4,00:00,UTC,0,20,-1.7,,2.8,-3.2
2021,3,4,06:00,UTC,,,,-5.6,,
2021,3,5,00:00,UTC,-1,18,-4.4,,-0.1,-7.9
2021,3,5,06:00,UTC,,,,-10.8,,
2021,3,6,00:00,UTC,2.8,20,-1.6,,2.2,-7.5
2021,3,6,06:00,UTC,,,,-11.3,,
2021,3,7,00:00,UTC,0.5,22,-4.3,,1.5,-7.1
2021,3,7,06:00,UTC,,,,-7.8,,
2021,3,8,00:00,UTC,2,21,-6.1,,-2.8,-8.4
2021,3,9,00:00,UTC,9,23,-7.4,,-3.5,-10.1
2021,3,9,06:00,UTC,,,,-14.9,,
2021,3,10,00:00,UTC,-1,34,-10.8,,-7.4,-15.5
2021,3,11,00:00,UTC,2,31,-3.9,,-0.5,-8.6
2021,3,11,06:00,UTC,,,,-9.7,,
2021,3,12,00:00,UTC,1.8,32,-1.6,,-0.6,-3.1
2021,3,12,06:00,UTC,,,,-3.5,,
2021,3,13,00:00,UTC,1.2,34,1.3,,3.1,-1.2
2021,3,13,06:00,UTC,,,,-1.2,,
2021,3,14,00:00,UTC,6.1,28,0.5,,1.5,0.2
2021,3,14,06:00,UTC,,,,0,,
2021,3,15,00:00,UTC,0.6,28,0.9,,2,0
2021,3,15,06:00,UTC,,,,0,,
2021,3,16,00:00,UTC,0,24,0.2,,2.1,-1.4
2021,3,16,06:00,UTC,,,,-3.3,,
2021,3,17,00:00,UTC,1.4,25,-0.1,,2.6,-2.7
2021,3,17,06:00,UTC,,,,-7.7,,
2021,3,18,00:00,UTC,-1,26,-2.8,,0.7,-5.3
2021,3,18,06:00,UTC,,,,-9,,
2021,3,19,00:00,UTC,-1,26,-5.4,,-1.8,-8
2021,3,19,06:00,UTC,,,,-8.9,,
2021,3,20,00:00,UTC,3,28,-1.9,,0.3,-7.9
2021,3,20,06:00,UTC,,,,-12.7,,
2021,3,21,00:00,UTC,-1,30,1.4,,3.8,-0.1
2021,3,21,06:00,UTC,,,,-0.4,,
2021,3,22,00:00,UTC,0,26,-1.1,,3.2,-4.3
2021,3,22,06:00,UTC,,,,-6.9,,
2021,3,23,00:00,UTC,0,23,1.3,,6.4,-5.4
2021,3,23,06:00,UTC,,,,-11.8,,
2021,3,24,00:00,UTC,0,23,2,,4.7,0.9
2021,3,24,06:00,UTC,,,,-1,,
2021,3,25,00:00,UTC,0.9,20,3.3,,7.3,1.3
2021,3,25,06:00,UTC,,,,0.1,,
2021,3,26,00:00,UTC,-1,17,2.6,,7.3,0.1
2021,3,26,06:00,UTC,,,,-1.7,,
2021,3,27,00:00,UTC,-1,21,4.5,,9.4,-0.5
2021,3,27,06:00,UTC,,,,-0.1,,
2021,3,28,00:00,UTC,0.5,17,4.3,,7.3,2.1
2021,3,28,06:00,UTC,,,,-0.2,,
2021,3,29,00:00,UTC,8.8,6,3.2,,4.4,2.1
2021,3,29,06:00,UTC,,,,0.1,,
2021,3,30,00:00,UTC,0,1,4.7,,7.2,3.6
2021,3,30,06:00,UTC,,,,2.8,,
2021,3,31,00:00,UTC,-1,0,5.6,,10.6,3
2021,3,31,06:00,UTC,,,,1,,
2021,4,1,00:00,UTC,-1,-1,4.6,,10.3,-1
2021,4,1,06:00,UTC,,,,-2.5,,
2021,4,2,00:00,UTC,-1,-1,3.1,,7,0.8
2021,4,2,06:00,UTC,,,,-1.1,,
2021,4,3,00:00,UTC,-1,-1,3.7,,8.2,1
2021,4,3,06:00,UTC,,,,-1.3,,
2021,4,4,00:00,UTC,4.2,-1,4,,8.3,-0.6
2021,4,4,06:00,UTC,,,,-2.9,,
2021,4,5,00:00,UTC,3.5,-1,2.4,,4,1
2021,4,5,06:00,UTC,,,,2.1,,
2021,4,6,00:00,UTC,0,-1,2.2,,5.5,-0.2
2021,4,6,06:00,UTC,,,,-1.3,,
2021,4,7,00:00,UTC,-1,-1,3.2,,7.2,1.4
2021,4,7,06:00,UTC,,,,0.9,,
2021,4,8,00:00,UTC,-1,-1,3.8,,8.7,0
2021,4,8,06:00,UTC,,,,-1.9,,
2021,4,9,00:00,UTC,4,-1,2.6,,3.6,-0.6
2021,4,9,06:00,UTC,,,,-2.8,,
2021,4,10,00:00,UTC,1.5,-1,2.9,,5.4,0.6
2021,4,10,06:00,UTC,,,,2.7,,
2021,4,11,00:00,UTC,0,-1,5.3,,10.1,1.9
2021,4,11,06:00,UTC,,,,0.3,,
2021,4,12,00:00,UTC,-1,-1,8.8,,13.7,4.3
2021,4,12,06:00,UTC,,,,3.1,,
2021,4,13,00:00,UTC,-1,-1,5.8,,10,4.4
2021,4,13,06:00,UTC,,,,4,,
2021,4,14,00:00,UTC,-1,-1,4.3,,8.8,0.5
2021,4,14,06:00,UTC,,,,-1.9,,
2021,4,15,00:00,UTC,-1,-1,5.5,,10.5,0.5
2021,4,15,06:00,UTC,,,,-1.9,,
2021,4,16,00:00,UTC,-1,-1,8.4,,13.9,2.3
2021,4,16,06:00,UTC,,,,-2.9,,
2021,4,17,00:00,UTC,-1,-1,10,,15.4,4
2021,4,17,06:00,UTC,,,,0.6,,
2021,4,18,00:00,UTC,-1,-1,10.2,,15.1,4.2
2021,4,18,06:00,UTC,,,,0.1,,
2021,4,19,00:00,UTC,-1,-1,8.8,,12.5,5.5
2021,4,19,06:00,UTC,,,,0.7,,
2021,4,20,00:00,UTC,-1,-1,7.4,,11.3,1.9
2021,4,20,06:00,UTC,,,,-1.5,,
2021,4,21,00:00,UTC,-1,-1,7.1,,13,3.2
2021,4,21,06:00,UTC,,,,0.6,,
2021,4,22,00:00,UTC,6.5,-1,6.6,,11.8,2
2021,4,22,06:00,UTC,,,,-0.4,,
2021,4,23,00:00,UTC,4.5,-1,2.9,,6.1,0.4
2021,4,23,06:00,UTC,,,,0.1,,
2021,4,24,00:00,UTC,3.5,-1,2.1,,4.8,0.6
2021,4,24,06:00,UTC,,,,-0.1,,
2021,4,25,00:00,UTC,3,-1,3.4,,7.1,1.4
2021,4,25,06:00,UTC,,,,-0.1,,
2021,4,26,00:00,UTC,0,-1,3.3,,5.1,0.5
2021,4,26,06:00,UTC,,,,0,,
2021,4,27,00:00,UTC,0,-1,3.8,,6,2
2021,4,27,06:00,UTC,,,,1.9,,
2021,4,28,00:00,UTC,0.1,-1,3.3,,7.7,-1.5
2021,4,28,06:00,UTC,,,,-3.3,,
2021,4,29,00:00,UTC,-1,-1,4,,9.1,-1.4
2021,4,29,06:00,UTC,,,,-6,,
2021,4,30,00:00,UTC,-1,-1,5,,11.4,-1.7
2021,4,30,06:00,UTC,,,,-6,,
2021,5,1,00:00,UTC,-1,-1,5.5,,9.2,-0.3
2021,5,1,06:00,UTC,,,,-2.6,,
2021,5,2,00:00,UTC,-1,-1,4.8,,9.7,-0.1
2021,5,2,06:00,UTC,,,,-3.8,,
2021,5,3,00:00,UTC,-1,-1,6.5,,9.6,1.6
2021,5,3,06:00,UTC,,,,-2.8,,
2021,5,4,00:00,UTC,-1,-1,6.9,,11.3,3.7
2021,5,4,06:00,UTC,,,,2.6,,
2021,5,5,00:00,UTC,7.7,-1,3.8,,6.1,2.5
2021,5,5,06:00,UTC,,,,-0.4,,
2021,5,6,00:00,UTC,0.5,-1,5.7,,8.6,4.1
2021,5,6,06:00,UTC,,,,3.1,,
2021,5,7,00:00,UTC,-1,-1,4.5,,8.1,2.8
2021,5,7,06:00,UTC,,,,3.3,,
2021,5,8,00:00,UTC,-1,-1,5.9,,12.2,2.9
2021,5,8,06:00,UTC,,,,-1.2,,
2021,5,9,00:00,UTC,2.8,-1,6.9,,12.4,0.2
2021,5,9,06:00,UTC,,,,-4.2,,
2021,5,10,00:00,UTC,0.1,-1,11.3,,17.2,6.5
2021,5,10,06:00,UTC,,,,5.7,,
2021,5,11,00:00,UTC,-1,-1,17.1,,23.8,12.2
2021,5,11,06:00,UTC,,,,8.1,,
2021,5,12,00:00,UTC,-1,-1,16.9,,21.1,12.1
2021,5,12,06:00,UTC,,,,6.3,,
2021,5,13,00:00,UTC,-1,-1,17.3,,24.7,11.5
2021,5,13,06:00,UTC,,,,6.5,,
2021,5,14,00:00,UTC,-1,-1,13.7,,17.3,8.9
2021,5,14,06:00,UTC,,,,3.5,,
2021,5,15,00:00,UTC,-1,-1,14.5,,19.1,11.1
2021,5,15,06:00,UTC,,,,9.1,,
2021,5,16,00:00,UTC,-1,-1,13.3,,17.5,10.1
2021,5,16,06:00,UTC,,,,7.9,,
2021,5,17,00:00,UTC,9.2,-1,12.8,,17.4,8.2
2021,5,17,06:00,UTC,,,,3.9,,
2021,5,18,00:00,UTC,5.9,-1,12.3,,15.7,9.6
2021,5,18,06:00,UTC,,,,5.9,,
2021,5,19,00:00,UTC,3,-1,12.1,,15.2,10.7
2021,5,19,06:00,UTC,,,,11.5,,
2021,5,20,00:00,UTC,17.6,-1,12.3,,16.7,9.4
2021,5,20,06:00,UTC,,,,9.6,,
2021,5,21,00:00,UTC,-1,-1,10.5,,14.7,9.2
2021,5,21,06:00,UTC,,,,9.1,,
2021,5,22,00:00,UTC,-1,-1,10.8,,16.5,7.6
2021,5,22,06:00,UTC,,,,7.1,,
2021,5,23,00:00,UTC,-1,-1,11.3,,16.8,6.3
2021,5,23,06:00,UTC,,,,5.8,,
2021,5,24,00:00,UTC,-1,-1,12,,16.6,7.2
2021,5,24,06:00,UTC,,,,3.4,,
2021,5,25,00:00,UTC,-1,-1,11.5,,14.7,7
2021,5,25,06:00,UTC,,,,1.7,,
2021,5,26,00:00,UTC,38.6,-1,9.4,,12.3,7.7
2021,5,26,06:00,UTC,,,,8.5,,
2021,5,27,00:00,UTC,0,-1,10,,12.8,8
2021,5,27,06:00,UTC,,,,6.9,,
2021,5,28,00:00,UTC,-1,-1,11.5,,15.5,6.6
2021,5,28,06:00,UTC,,,,1.9,,
2021,5,29,00:00,UTC,-1,-1,11.1,,15.9,7.1
2021,5,29,06:00,UTC,,,,3.5,,
2021,5,30,00:00,UTC,-1,-1,11.6,,15.2,5.2
2021,5,30,06:00,UTC,,,,0.6,,
2021,5,31,00:00,UTC,1.1,-1,11.8,,17.2,8.6
2021,5,31,06:00,UTC,,,,3,,
2021,6,1,00:00,UTC,-1,-1,13.7,,17.6,9.4
2021,6,1,06:00,UTC,,,,8.2,,
2021,6,2,00:00,UTC,-1,-1,16.9,,22,8
2021,6,2,06:00,UTC,,,,3.3,,
2021,6,3,00:00,UTC,-1,-1,17.5,,20.3,13.5
2021,6,3,06:00,UTC,,,,8.1,,
2021,6,4,00:00,UTC,-1,-1,17.8,,22.9,11.6
2021,6,4,06:00,UTC,,,,6.5,,
2021,6,5,00:00,UTC,-1,-1,19.5,,24.4,11.3
2021,6,5,06:00,UTC,,,,6.8,,
2021,6,6,00:00,UTC,13.1,-1,18.6,,26.2,13.4
2021,6,6,06:00,UTC,,,,8.1,,
2021,6,7,00:00,UTC,0.2,-1,19.6,,26.3,13.4
2021,6,7,06:00,UTC,,,,9.3,,
2021,6,8,00:00,UTC,-1,-1,18.4,,22,13
2021,6,8,06:00,UTC,,,,8.9,,
2021,6,9,00:00,UTC,-1,-1,18.5,,22.5,12.9
2021,6,9,06:00,UTC,,,,9,,
2021,6,10,00:00,UTC,-1,-1,19.2,,24.1,11
2021,6,10,06:00,UTC,,,,6.7,,
2021,6,11,00:00,UTC,-1,-1,19.9,,24.9,12.3
2021,6,11,06:00,UTC,,,,8.1,,
2021,6,12,00:00,UTC,5,-1,18.2,,22.2,15.4
2021,6,12,06:00,UTC,,,,10.8,,
2021,6,13,00:00,UTC,0.2,-1,15.6,,20.9,13.9
2021,6,13,06:00,UTC,,,,13.9,,
2021,6,14,00:00,UTC,0.5,-1,15.9,,21,8.7
2021,6,14,06:00,UTC,,,,4.9,,
2021,6,15,00:00,UTC,-1,-1,16.2,,19.9,13.7
2021,6,15,06:00,UTC,,,,13.2,,
2021,6,16,00:00,UTC,-1,-1,16.8,,21.7,10
2021,6,16,06:00,UTC,,,,5.4,,
2021,6,17,00:00,UTC,-1,-1,16.9,,22.7,11.8
2021,6,17,06:00,UTC,,,,8.9,,
2021,6,18,00:00,UTC,-1,-1,20.8,,26.4,13.3
2021,6,18,06:00,UTC,,,,7.6,,
2021,6,19,00:00,UTC,-1,-1,22.6,,28.7,16.6
2021,6,19,06:00,UTC,,,,13.4,,
2021,6,20,00:00,UTC,-1,-1,24.4,,30.6,18.7
2021,6,20,06:00,UTC,,,,13.7,,
2021,6,21,00:00,UTC,-1,-1,26.5,,31.8,20.7
2021,6,21,06:00,UTC,,,,15.7,,
2021,6,22,00:00,UTC,-1,-1,25.7,,30.1,22.5
2021,6,22,06:00,UTC,,,,18.2,,
2021,6,23,00:00,UTC,11.7,-1,22.4,,29.4,18.4
2021,6,23,06:00,UTC,,,,17,,
2021,6,24,00:00,UTC,-1,-1,20.6,,24.7,17.2
2021,6,24,06:00,UTC,,,,14.7,,
2021,6,25,00:00,UTC,-1,-1,20.8,,24.9,16.7
2021,6,25,06:00,UTC,,,,13.3,,
2021,6,26,00:00,UTC,-1,-1,21.4,,25.6,17.6
2021,6,26,06:00,UTC,,,,14.5,,
2021,6,27,00:00,UTC,-1,-1,21.3,,26.4,17.7
2021,6,27,06:00,UTC,,,,15.9,,
2021,6,28,00:00,UTC,-1,-1,21.6,,26.8,15.1
2021,6,28,06:00,UTC,,,,11.7,,
2021,6,29,00:00,UTC,-1,-1,22.7,,27.5,17
2021,6,29,06:00,UTC,,,,12.4,,
2021,6,30,00:00,UTC,8,-1,20.7,,27.4,15.6
2021,6,30,06:00,UTC,,,,11.4,,
2021,7,1,00:00,UTC,-1,-1,22.1,,27.6,17.8
2021,7,1,06:00,UTC,,,,15.5,,
2021,7,2,00:00,UTC,-1,-1,20.6,,24.9,16.7
2021,7,2,06:00,UTC,,,,15.3,,
2021,7,3,00:00,UTC,-1,-1,22.1,,27.3,14.6
2021,7,3,06:00,UTC,,,,10.5,,
2021,7,4,00:00,UTC,-1,-1,22.7,,26.7,15.5
2021,7,4,06:00,UTC,,,,10.9,,
2021,7,5,00:00,UTC,-1,-1,23.6,,27.3,17.4
2021,7,5,06:00,UTC,,,,13.5,,
2021,7,6,00:00,UTC,0.3,-1,23.8,,27.6,21.2
2021,7,6,06:00,UTC,,,,17,,
2021,7,7,00:00,UTC,1.4,-1,24,,28.6,20.4
2021,7,7,06:00,UTC,,,,17.8,,
2021,7,8,00:00,UTC,1.1,-1,22.9,,26.1,20.6
2021,7,8,06:00,UTC,,,,17.4,,
2021,7,9,00:00,UTC,-1,-1,22,,26.5,17
2021,7,9,06:00,UTC,,,,13.6,,
2021,7,10,00:00,UTC,-1,-1,25.8,,30.3,20.8
2021,7,10,06:00,UTC,,,,16.3,,
2021,7,11,00:00,UTC,-1,-1,23.4,,27.5,21.8
2021,7,11,06:00,UTC,,,,18.5,,
2021,7,12,00:00,UTC,-1,-1,22.9,,27.5,17.3
2021,7,12,06:00,UTC,,,,12.3,,
2021,7,13,00:00,UTC,-1,-1,24.8,,29.7,18
2021,7,13,06:00,UTC,,,,12.6,,
2021,7,14,00:00,UTC,-1,-1,26.3,,32,20.7
2021,7,14,06:00,UTC,,,,16.2,,
2021,7,15,00:00,UTC,-1,-1,26.7,,32,20
2021,7,15,06:00,UTC,,,,15.4,,
2021,7,16,00:00,UTC,-1,-1,25.1,,30.4,21.5
2021,7,16,06:00,UTC,,,,18.3,,
2021,7,17,00:00,UTC,-1,-1,21.8,,27.5,15.9
2021,7,17,06:00,UTC,,,,12.2,,
2021,7,18,00:00,UTC,0.6,-1,22,,27,17.6
2021,7,18,06:00,UTC,,,,12.7,,
2021,7,19,00:00,UTC,-1,-1,18.2,,23.6,13.7
2021,7,19,06:00,UTC,,,,11.3,,
2021,7,20,00:00,UTC,2.6,-1,17.1,,22.5,12.2
2021,7,20,06:00,UTC,,,,8.6,,
2021,7,21,00:00,UTC,-1,-1,16.6,,22.3,11
2021,7,21,06:00,UTC,,,,8.6,,
2021,7,22,00:00,UTC,-1,-1,18.7,,25.9,11.5
2021,7,22,06:00,UTC,,,,8.5,,
2021,7,23,00:00,UTC,-1,-1,17.9,,23.5,12.5
2021,7,23,06:00,UTC,,,,8.9,,
2021,7,24,00:00,UTC,-1,-1,17.4,,22.8,11.3
2021,7,24,06:00,UTC,,,,7.1,,
2021,7,25,00:00,UTC,-1,-1,20.2,,25.5,13.3
2021,7,25,06:00,UTC,,,,9.7,,
2021,7,26,00:00,UTC,-1,-1,23.4,,29.1,16.1
2021,7,26,06:00,UTC,,,,11.6,,
2021,7,27,00:00,UTC,17,-1,24,,28.9,17.9
2021,7,27,06:00,UTC,,,,12.1,,
2021,7,28,00:00,UTC,11,-1,20.1,,25.2,18.5
2021,7,28,06:00,UTC,,,,18.3,,
2021,7,29,00:00,UTC,0,-1,20.6,,24.8,18.6
2021,7,29,06:00,UTC,,,,18,,
2021,7,30,00:00,UTC,10,-1,16.5,,20.3,14.1
2021,7,30,06:00,UTC,,,,14,,
2021,7,31,00:00,UTC,3.3,-1,17.6,,22.5,13.4
2021,7,31,06:00,UTC,,,,12.6,,
2021,8,1,00:00,UTC,-1,-1,18,,21.7,15.3
2021,8,1,06:00,UTC,,,,12.4,,
2021,8,2,00:00,UTC,0.2,-1,18,,22.4,15.2
2021,8,2,06:00,UTC,,,,12.6,,
2021,8,3,00:00,UTC,0.2,-1,15,,20.3,14.4
2021,8,3,06:00,UTC,,,,13.1,,
2021,8,4,00:00,UTC,0,-1,14.6,,20.1,9.1
2021,8,4,06:00,UTC,,,,5.4,,
2021,8,5,00:00,UTC,0,-1,15.7,,21.3,8
2021,8,5,06:00,UTC,,,,3.5,,
2021,8,6,00:00,UTC,-1,-1,17.9,,22.7,10.3
2021,8,6,06:00,UTC,,,,6.3,,
2021,8,7,00:00,UTC,13,-1,15.9,,19.4,14.3
2021,8,7,06:00,UTC,,,,13.1,,
2021,8,8,00:00,UTC,4,-1,18.5,,21.2,15.8
2021,8,8,06:00,UTC,,,,15.6,,
2021,8,9,00:00,UTC,0.8,-1,17.7,,22.1,15.1
2021,8,9,06:00,UTC,,,,15,,
2021,8,10,00:00,UTC,0,-1,17.7,,21.8,15.4
2021,8,10,06:00,UTC,,,,14.4,,
2021,8,11,00:00,UTC,0,-1,17.6,,21.9,12.6
2021,8,11,06:00,UTC,,,,8.4,,
2021,8,12,00:00,UTC,0,-1,18,,22.1,15.4
2021,8,12,06:00,UTC,,,,13.8,,
2021,8,13,00:00,UTC,4.8,-1,18.8,,24.6,13.2
2021,8,13,06:00,UTC,,,,10.4,,
2021,8,14,00:00,UTC,5.2,-1,18,,21.2,16.3
2021,8,14,06:00,UTC,,,,15.3,,
2021,8,15,00:00,UTC,0.2,-1,15.8,,19.1,12.8
2021,8,15,06:00,UTC,,,,12,,
2021,8,16,00:00,UTC,14.5,-1,16.9,,21.6,13.1
2021,8,16,06:00,UTC,,,,10.1,,
2021,8,17,00:00,UTC,7.9,-1,17.5,,19.9,15.4
2021,8,17,06:00,UTC,,,,15,,
2021,8,18,00:00,UTC,12.4,-1,15,,18.2,14.1
2021,8,18,06:00,UTC,,,,12.7,,
2021,8,19,00:00,UTC,12,-1,14.6,,17.4,12.9
2021,8,19,06:00,UTC,,,,12.7,,
2021,8,20,00:00,UTC,-1,-1,15.6,,19,13.6
2021,8,20,06:00,UTC,,,,11.6,,
2021,8,21,00:00,UTC,11.7,-1,14.4,,20,12
2021,8,21,06:00,UTC,,,,7.4,,
2021,8,22,00:00,UTC,-1,-1,14.2,,17.8,10.9
2021,8,22,06:00,UTC,,,,8.7,,
2021,8,23,00:00,UTC,0,-1,12.4,,15.8,11
2021,8,23,06:00,UTC,,,,10.9,,
2021,8,24,00:00,UTC,9.6,-1,11.9,,15.2,8.8
2021,8,24,06:00,UTC,,,,7.5,,
2021,8,25,00:00,UTC,30.5,-1,12.1,,12.7,10.7
2021,8,25,06:00,UTC,,,,10.1,,
2021,8,26,00:00,UTC,5.4,-1,13.5,,15.8,12.1
2021,8,26,06:00,UTC,,,,11.7,,
2021,8,27,00:00,UTC,-1,-1,13.2,,14.6,12.2
2021,8,27,06:00,UTC,,,,11.9,,
2021,8,28,00:00,UTC,-1,-1,16.6,,20.9,13.3
2021,8,28,06:00,UTC,,,,12.7,,
2021,8,29,00:00,UTC,0,-1,16.3,,20.1,12.5
2021,8,29,06:00,UTC,,,,10.9,,
2021,8,30,00:00,UTC,0,-1,15.6,,20.7,11.6
2021,8,30,06:00,UTC,,,,9,,
2021,8,31,00:00,UTC,0,-1,14.8,,20.7,8.8
2021,8,31,06:00,UTC,,,,4.8,,
2021,9,1,00:00,UTC,0,-1,12.1,,16.6,9.7
2021,9,1,06:00,UTC,,,,5.9,,
2021,9,2,00:00,UTC,1.3,-1,11,,15.1,6.3
2021,9,2,06:00,UTC,,,,3.6,,
2021,9,3,00:00,UTC,1.4,-1,10,,14.4,6.7
2021,9,3,06:00,UTC,,,,6.9,,
2021,9,4,00:00,UTC,-1,-1,8.9,,14.1,5.2
2021,9,4,06:00,UTC,,,,2,,
2021,9,5,00:00,UTC,0.1,-1,9.2,,14.2,2.8
2021,9,5,06:00,UTC,,,,-1.1,,
2021,9,6,00:00,UTC,-1,-1,12.6,,17.2,9.5
2021,9,6,06:00,UTC,,,,7,,
2021,9,7,00:00,UTC,0.1,-1,11.7,,15.6,5.3
2021,9,7,06:00,UTC,,,,0.3,,
2021,9,8,00:00,UTC,-1,-1,14.4,,17.7,12.3
2021,9,8,06:00,UTC,,,,9.5,,
2021,9,9,00:00,UTC,-1,-1,15,,20.3,12.2
2021,9,9,06:00,UTC,,,,8.6,,
2021,9,10,00:00,UTC,-1,-1,13,,15.3,10.3
2021,9,10,06:00,UTC,,,,6.8,,
2021,9,11,00:00,UTC,2.4,-1,14.3,,17.1,12.4
2021,9,11,06:00,UTC,,,,10.7,,
2021,9,12,00:00,UTC,13.6,-1,14.2,,15.5,12.5
2021,9,12,06:00,UTC,,,,12.6,,
2021,9,13,00:00,UTC,0.5,-1,12.9,,15.4,9.3
2021,9,13,06:00,UTC,,,,13,,
2021,9,14,00:00,UTC,-1,-1,9.6,,13.3,7.5
2021,9,14,06:00,UTC,,,,6,,
2021,9,15,00:00,UTC,-1,-1,7.7,,10.3,4.3
2021,9,15,06:00,UTC,,,,0.7,,
2021,9,16,00:00,UTC,-1,-1,8,,10.1,6.8
2021,9,16,06:00,UTC,,,,6.3,,
2021,9,17,00:00,UTC,0.4,-1,8.5,,11,6.2
2021,9,17,06:00,UTC,,,,4.8,,
2021,9,18,00:00,UTC,0.3,-1,8.6,,11.1,6.5
2021,9,18,06:00,UTC,,,,5.7,,
2021,9,19,00:00,UTC,-1,-1,8.1,,10.3,7.5
2021,9,19,06:00,UTC,,,,7,,
2021,9,20,00:00,UTC,-1,-1,7.6,,10.3,6.4
2021,9,20,06:00,UTC,,,,6.1,,
2021,9,21,00:00,UTC,-1,-1,6.2,,8.8,4.5
2021,9,21,06:00,UTC,,,,3.5,,
2021,9,22,00:00,UTC,-1,-1,5.9,,11.3,0.8
2021,9,22,06:00,UTC,,,,-2.3,,
2021,9,23,00:00,UTC,17.1,-1,8.6,,10.8,3.9
2021,9,23,06:00,UTC,,,,-1.1,,
2021,9,24,00:00,UTC,4.6,-1,8.4,,9.3,7.7
2021,9,24,06:00,UTC,,,,7.3,,
2021,9,25,00:00,UTC,-1,-1,9.9,,14.1,7.7
2021,9,25,06:00,UTC,,,,6.8,,
2021,9,26,00:00,UTC,-1,-1,10.2,,15.4,6.8
2021,9,26,06:00,UTC,,,,4,,
2021,9,27,00:00,UTC,-1,-1,8.3,,13.2,3.4
2021,9,27,06:00,UTC,,,,-1,,
2021,9,28,00:00,UTC,-1,-1,8.7,,11.8,4.4
2021,9,28,06:00,UTC,,,,-1.3,,
2021,9,29,00:00,UTC,-1,-1,9.9,,11,7.9
2021,9,29,06:00,UTC,,,,2.9,,
2021,9,30,00:00,UTC,1,-1,9.8,,10.6,9.4
2021,9,30,06:00,UTC,,,,8.9,,
2021,10,1,00:00,UTC,0.3,-1,9.7,,11,8.1
2021,10,1,06:00,UTC,,,,6.4,,
2021,10,2,00:00,UTC,-1,-1,10.8,,12.9,9.4
2021,10,2,06:00,UTC,,,,8.1,,
2021,10,3,00:00,UTC,-1,-1,11.1,,13.2,8.8
2021,10,3,06:00,UTC,,,,6,,
2021,10,4,00:00,UTC,-1,-1,11.8,,14.4,8.9
2021,10,4,06:00,UTC,,,,7.2,,
2021,10,5,00:00,UTC,5.3,-1,10.7,,12.7,9.6
2021,10,5,06:00,UTC,,,,10.4,,
2021,10,6,00:00,UTC,-1,-1,12.1,,13.9,10.3
2021,10,6,06:00,UTC,,,,8.6,,
2021,10,7,00:00,UTC,0.5,-1,10.9,,13.2,9.8
2021,10,7,06:00,UTC,,,,8.9,,
2021,10,8,00:00,UTC,0.2,-1,11.4,,12.7,10.5
2021,10,8,06:00,UTC,,,,9.8,,
2021,10,9,00:00,UTC,0.5,-1,11.5,,13.4,10.9
2021,10,9,06:00,UTC,,,,10.5,,
2021,10,10,00:00,UTC,0.7,-1,11.1,,12.2,10.4
2021,10,10,06:00,UTC,,,,10.3,,
2021,10,11,00:00,UTC,15,-1,10.2,,12.2,8.4
2021,10,11,06:00,UTC,,,,9,,
2021,10,12,00:00,UTC,3.8,-1,8.4,,11.2,6.9
2021,10,12,06:00,UTC,,,,6.8,,
2021,10,13,00:00,UTC,-1,-1,6.6,,10.2,4.6
2021,10,13,06:00,UTC,,,,3.9,,
2021,10,14,00:00,UTC,0.2,-1,6.4,,9.6,1.5
2021,10,14,06:00,UTC,,,,-2.7,,
2021,10,15,00:00,UTC,5,-1,8.3,,10.1,7.6
2021,10,15,06:00,UTC,,,,6.6,,
2021,10,16,00:00,UTC,0.3,-1,5.9,,9.7,3.1
2021,10,16,06:00,UTC,,,,0.4,,
2021,10,17,00:00,UTC,-1,-1,5.2,,9.4,2.9
2021,10,17,06:00,UTC,,,,0.1,,
2021,10,18,00:00,UTC,0,-1,4.4,,7.2,2.1
2021,10,18,06:00,UTC,,,,-0.9,,
2021,10,19,00:00,UTC,2.1,-1,2.5,,6.1,-2.1
2021,10,19,06:00,UTC,,,,-5.3,,
2021,10,20,00:00,UTC,20.6,-1,8.1,,11.1,4.5
2021,10,20,06:00,UTC,,,,2.5,,
2021,10,21,00:00,UTC,12,-1,10.4,,12.4,9.2
2021,10,21,06:00,UTC,,,,6.9,,
2021,10,22,00:00,UTC,3.5,-1,5.6,,10.7,4.6
2021,10,22,06:00,UTC,,,,5,,
2021,10,23,00:00,UTC,0.2,-1,1.9,,4.7,0.6
2021,10,23,06:00,UTC,,,,0.5,,
2021,10,24,00:00,UTC,2.5,-1,2.1,,5.8,-3.5
2021,10,24,06:00,UTC,,,,-6.4,,
2021,10,25,00:00,UTC,-1,-1,8.9,,10.6,5.8
2021,10,25,06:00,UTC,,,,5.2,,
2021,10,26,00:00,UTC,2.1,-1,8.2,,9.5,6.1
2021,10,26,06:00,UTC,,,,2.3,,
2021,10,27,00:00,UTC,7.5,-1,7.8,,9.3,6.2
2021,10,27,06:00,UTC,,,,3.4,,
2021,10,28,00:00,UTC,1.8,-1,8.2,,10.6,4.3
2021,10,28,06:00,UTC,,,,-0.8,,
2021,10,29,00:00,UTC,-1,-1,9.8,,10.9,8.3
2021,10,29,06:00,UTC,,,,9.2,,
2021,10,30,00:00,UTC,-1,-1,8.7,,9.4,7.3
2021,10,30,06:00,UTC,,,,5.8,,
2021,10,31,00:00,UTC,-1,-1,8.7,,9.6,7.1
2021,10,31,06:00,UTC,,,,6.2,,
2021,11,1,00:00,UTC,-1,-1,8.7,,10.4,7.2
2021,11,1,06:00,UTC,,,,1.9,,
2021,11,2,00:00,UTC,-1,-1,7.2,,8.4,6
2021,11,2,06:00,UTC,,,,3.2,,
2021,11,3,00:00,UTC,5.9,-1,7.2,,7.8,6.4
2021,11,3,06:00,UTC,,,,4.9,,
2021,11,4,00:00,UTC,6.6,-1,7.9,,9.4,7
2021,11,4,06:00,UTC,,,,7.2,,
2021,11,5,00:00,UTC,9.8,-1,6.6,,8.7,5.1
2021,11,5,06:00,UTC,,,,1.3,,
2021,11,6,00:00,UTC,0.6,-1,4.4,,7.7,2.3
2021,11,6,06:00,UTC,,,,1.4,,
2021,11,7,00:00,UTC,3.5,-1,2.9,,4.2,1.3
2021,11,7,06:00,UTC,,,,-2.9,,
2021,11,8,00:00,UTC,-1,-1,0.9,,2.8,-1.5
2021,11,8,06:00,UTC,,,,0.2,,
2021,11,9,00:00,UTC,5.1,-1,0.4,,4.9,-5.7
2021,11,9,06:00,UTC,,,,-9.8,,
2021,11,10,00:00,UTC,2.5,-1,7.7,,9.1,4.1
2021,11,10,06:00,UTC,,,,3.5,,
2021,11,11,00:00,UTC,-1,-1,5.9,,9.1,2.9
2021,11,11,06:00,UTC,,,,-0.5,,
2021,11,12,00:00,UTC,-1,-1,5.4,,7.5,4.4
2021,11,12,06:00,UTC,,,,3.2,,
2021,11,13,00:00,UTC,-1,-1,2,,5.5,-1.1
2021,11,13,06:00,UTC,,,,-6,,
2021,11,14,00:00,UTC,-1,-1,0.5,,3.5,-2.1
2021,11,14,06:00,UTC,,,,-2.4,,
2021,11,15,00:00,UTC,-1,-1,0.9,,3.7,-3.6
2021,11,15,06:00,UTC,,,,-5.9,,
2021,11,16,00:00,UTC,0.9,-1,5.7,,6.6,3.6
2021,11,16,06:00,UTC,,,,3.5,,
2021,11,17,00:00,UTC,3.3,-1,5.5,,6.2,4.8
2021,11,17,06:00,UTC,,,,3.8,,
2021,11,18,00:00,UTC,2.7,-1,4.1,,5.8,1.6
2021,11,18,06:00,UTC,,,,4.6,,
2021,11,19,00:00,UTC,2.1,-1,2.5,,3.9,0.2
2021,11,19,06:00,UTC,,,,-2.6,,
2021,11,20,00:00,UTC,-1,-1,3.3,,5.3,1.3
2021,11,20,06:00,UTC,,,,-0.1,,
2021,11,21,00:00,UTC,-1,-1,-0.3,,2.9,-1.5
2021,11,21,06:00,UTC,,,,-5.9,,
2021,11,22,00:00,UTC,1.2,-1,-2.2,,0,-5.4
2021,11,22,06:00,UTC,,,,-8.5,,
2021,11,23,00:00,UTC,0.4,-1,0.4,,2.8,-1.6
2021,11,23,06:00,UTC,,,,-8.3,,
2021,11,24,00:00,UTC,1.6,-1,2.7,,4.8,-2
2021,11,24,06:00,UTC,,,,-2.4,,
2021,11,25,00:00,UTC,3.3,-1,4.4,,6.5,-0.2
2021,11,25,06:00,UTC,,,,-2.4,,
2021,11,26,00:00,UTC,-1,-1,-1.8,,3.5,-4.5
2021,11,26,06:00,UTC,,,,-4.6,,
2021,11,27,00:00,UTC,-1,-1,-7.1,,-4.4,-8.2
2021,11,27,06:00,UTC,,,,-9.5,,
2021,11,28,00:00,UTC,-1,-1,-6.4,,-5.6,-7.3
2021,11,28,06:00,UTC,,,,-7.8,,
2021,11,29,00:00,UTC,0.7,2,-5.3,,-4.5,-6.5
2021,11,29,06:00,UTC,,,,-6.2,,
2021,11,30,00:00,UTC,0.1,0,-8.9,,-5.7,-9.8
2021,11,30,06:00,UTC,,,,-9.3,,
2021,12,1,00:00,UTC,0,1,-7.2,,-4.5,-10.4
2021,12,1,06:00,UTC,,,,-11.1,,
2021,12,2,00:00,UTC,-1,1,-8.4,,-6.7,-11.3
2021,12,2,06:00,UTC,,,,-15.8,,
2021,12,3,00:00,UTC,-1,1,-9.6,,-7.3,-12
2021,12,3,06:00,UTC,,,,-11.7,,
2021,12,4,00:00,UTC,-1,1,-8.3,,-4.6,-12.3
2021,12,4,06:00,UTC,,,,-7.5,,
2021,12,5,00:00,UTC,-1,1,-15,,-11.1,-16.8
2021,12,5,06:00,UTC,,,,-15.7,,
2021,12,6,00:00,UTC,-1,1,-13,,-10.6,-16.9
2021,12,6,06:00,UTC,,,,-17.5,,
2021,12,7,00:00,UTC,-1,1,-14.2,,-12.5,-16
2021,12,7,06:00,UTC,,,,-19.1,,
2021,12,8,00:00,UTC,-1,1,-15.4,,-13.8,-18
2021,12,8,06:00,UTC,,,,-21.1,,
2021,12,9,00:00,UTC,0,1,-7.2,,-3.5,-14.5
2021,12,9,06:00,UTC,,,,-15.3,,
2021,12,10,00:00,UTC,2.7,1,-2.2,,-0.9,-4.8
2021,12,10,06:00,UTC,,,,-5.6,,
2021,12,11,00:00,UTC,4.3,1,0.1,,0.7,-1
2021,12,11,06:00,UTC,,,,-1.2,,
2021,12,12,00:00,UTC,0.1,1,1.2,,1.8,0.6
2021,12,12,06:00,UTC,,,,0,,
2021,12,13,00:00,UTC,1.2,1,1.2,,1.9,0
2021,12,13,06:00,UTC,,,,-0.5,,